,player_name,team_abbreviation,age,player_height,player_weight,college,country,draft_year,draft_round,draft_number,gp,pts,reb,ast,net_rating,oreb_pct,dreb_pct,usg_pct,ts_pct,ast_pct,season,all_star
8599,Marreese Speights,GSW,28,208.28,115.66596,Florida,USA,2008,1,16,72,7.1,3.3,0.8,1.7,0.101,0.205,0.302,0.506,0.126,2015-16,
8600,Marvin Williams,CHA,30,205.74,107.501304,North Carolina,USA,2005,1,2,81,11.7,6.4,1.4,5.2,0.059,0.187,0.169,0.585,0.074,2015-16,
8601,Mason Plumlee,POR,26,210.82,106.59412,Duke,USA,2013,1,22,82,9.1,7.7,2.8,1.1,0.106,0.223,0.173,0.564,0.161,2015-16,
8602,Matt Barnes,MEM,36,200.66,102.511792,UCLA,USA,2002,2,45,76,10,5.5,2.1,-5.5,0.041,0.179,0.177,0.503,0.117,2015-16,
8603,Michael Carter-Williams,MIL,24,198.12,86.18248,Syracuse,USA,2013,1,11,54,11.5,5.1,5.2,-3.3,0.033,0.154,0.21,0.498,0.264,2015-16,
8604,Meyers Leonard,POR,24,215.9,111.13004,Illinois,USA,2012,1,11,61,8.4,5.1,1.5,1,0.042,0.213,0.176,0.561,0.103,2015-16,
8605,Matthew Dellavedova,CLE,25,193.04,89.811216,Saint Mary's (CA),Australia,Undrafted,Undrafted,Undrafted,76,7.5,2.1,4.4,10,0.021,0.076,0.159,0.527,0.265,2015-16,
8606,Metta World Peace,LAL,36,200.66,117.93392,St. John's (NY),USA,1999,1,16,35,5,2.5,0.8,-6,0.033,0.125,0.165,0.435,0.078,2015-16,
8607,Markieff Morris,WAS,26,208.28,111.13004,Kansas,USA,2011,1,13,64,12,5.5,1.9,-4.3,0.049,0.195,0.243,0.489,0.125,2015-16,
8608,Michael Beasley,HOU,27,208.28,106.59412,Kansas State,USA,2008,1,2,20,12.8,4.9,0.8,-8.4,0.084,0.198,0.29,0.563,0.086,2015-16,
8609,Matt Bonner,SAS,36,208.28,106.59412,Florida,USA,2003,2,45,30,2.5,0.9,0.3,17.5,0.019,0.133,0.146,0.647,0.061,2015-16,
8610,Maurice Harkless,POR,23,205.74,97.52228,St. John's (NY),USA,2012,1,15,78,6.4,3.6,0.9,1.7,0.076,0.133,0.155,0.541,0.068,2015-16,
8611,Marcus Morris,DET,26,205.74,106.59412,Kansas,USA,2011,1,14,80,14.1,5.1,2.5,1.8,0.034,0.126,0.184,0.531,0.107,2015-16,
8612,Mario Hezonja,ORL,21,203.2,98.883056,None,Croatia,2015,1,5,79,6.1,2.2,1.4,-1.4,0.022,0.121,0.169,0.541,0.113,2015-16,
8613,Mario Chalmers,MIA,30,187.96,86.18248,Kansas,USA,2008,2,34,61,10.3,2.6,3.8,2.9,0.02,0.111,0.218,0.561,0.27,2015-16,
8614,Marcus Thornton,WAS,29,193.04,92.98636,Louisiana State,USA,2009,2,43,61,9.7,2.5,1.4,-0.4,0.037,0.112,0.24,0.511,0.125,2015-16,
8615,Marcus Smart,BOS,22,193.04,99.79024,Oklahoma State,USA,2014,1,6,61,9.1,4.2,3,2.6,0.047,0.117,0.172,0.463,0.162,2015-16,
8616,Marco Belinelli,SAC,30,195.58,95.25432,None,Italy,2007,1,18,68,10.2,1.7,1.9,-6.4,0.006,0.071,0.199,0.5,0.117,2015-16,
8617,Marcin Gortat,WAS,32,210.82,108.86208,None,Poland,2005,2,57,75,13.5,9.9,1.4,0.8,0.107,0.252,0.188,0.592,0.072,2015-16,
8618,Marcelo Huertas,LAL,33,190.5,90.7184,None,Brazil,Undrafted,Undrafted,Undrafted,53,4.5,1.7,3.4,0.1,0.023,0.093,0.165,0.488,0.327,2015-16,
8619,Marc Gasol,MEM,31,215.9,115.66596,None,Spain,2007,2,48,52,16.6,7,3.8,-0.1,0.036,0.202,0.239,0.528,0.195,2015-16,
8620,Manu Ginobili,SAS,38,198.12,92.98636,None,Argentina,1999,2,57,58,9.6,2.5,3.1,14.9,0.028,0.115,0.231,0.573,0.234,2015-16,
8621,Luol Deng,MIA,31,205.74,99.79024,Duke,United Kingdom,2004,1,7,74,12.3,6,1.9,1.3,0.052,0.155,0.171,0.549,0.087,2015-16,
8622,Luke Babbitt,NOP,27,205.74,102.0582,Nevada,USA,2010,1,16,47,7,3.1,1.1,-3.1,0.032,0.166,0.172,0.526,0.092,2015-16,
8623,Markel Brown,BKN,24,190.5,86.18248,Oklahoma State,USA,2014,2,44,62,5.9,2,1.5,-11.5,0.026,0.12,0.187,0.5,0.142,2015-16,
8624,Michael Kidd-Gilchrist,CHA,22,200.66,105.233344,Kentucky,USA,2012,1,2,7,12.7,6.4,1.3,15.2,0.065,0.16,0.179,0.603,0.069,2015-16,
8625,Nemanja Bjelica,MIN,28,208.28,108.86208,None,Serbia,2010,2,35,60,5.1,3.5,1.4,-5.2,0.054,0.178,0.127,0.594,0.115,2015-16,
8626,Mike Dunleavy,CHI,35,205.74,104.32616,Duke,USA,2002,1,3,31,7.2,2.7,1.3,-5.7,0.012,0.116,0.144,0.543,0.076,2015-16,
8627,Norris Cole,NOP,27,187.96,79.3786,Cleveland State,USA,2011,1,28,45,10.6,3.4,3.7,-5.5,0.009,0.137,0.216,0.465,0.219,2015-16,
8628,Norman Powell,TOR,23,193.04,97.52228,UCLA,USA,2015,2,46,49,5.6,2.3,1,4.9,0.026,0.142,0.179,0.541,0.102,2015-16,
8629,Luis Scola,TOR,36,205.74,108.86208,None,Argentina,2002,2,55,76,8.7,4.8,0.9,-2.7,0.061,0.199,0.193,0.523,0.066,2015-16,
8630,Noah Vonleh,POR,20,205.74,108.86208,Indiana,USA,2014,1,9,78,3.6,3.9,0.4,-2.7,0.083,0.202,0.132,0.471,0.037,2015-16,
8631,Nikola Vucevic,ORL,25,213.36,117.93392,Southern California,Montenegro,2011,1,16,65,18.2,8.9,2.8,-2.2,0.092,0.223,0.267,0.531,0.154,2015-16,
8632,Nikola Pekovic,MIN,30,210.82,139.252744,None,Montenegro,2008,2,31,12,4.5,1.8,0.9,-18.3,0.053,0.118,0.208,0.459,0.131,2015-16,
8633,Nikola Mirotic,CHI,25,208.28,99.79024,None,Montenegro,2011,1,23,66,11.8,5.5,1.5,0.2,0.039,0.197,0.211,0.564,0.095,2015-16,
8634,Nikola Jokic,DEN,21,208.28,113.398,None,Serbia,2014,2,41,80,10,7,2.4,1.2,0.113,0.248,0.198,0.582,0.176,2015-16,
8635,Nik Stauskas,PHI,22,198.12,92.98636,Michigan,Canada,2014,1,8,73,8.5,2.5,1.9,-11.7,0.013,0.101,0.166,0.517,0.119,2015-16,
8636,Nicolas Batum,CHA,27,203.2,90.7184,None,France,2008,1,25,70,14.9,6.1,5.8,4.8,0.025,0.166,0.215,0.546,0.262,2015-16,
8637,Nick Young,LAL,31,200.66,95.25432,Southern California,USA,2007,1,16,54,7.3,1.8,0.6,-10.8,0.015,0.092,0.188,0.483,0.058,2015-16,
8638,Nick Collison,OKC,35,208.28,115.66596,Kansas,USA,2003,1,12,59,2.1,2.9,0.9,3.1,0.107,0.161,0.107,0.498,0.103,2015-16,
8639,Mike Conley,MEM,28,185.42,79.3786,Ohio State,USA,2007,1,4,56,15.3,2.9,6.1,1.6,0.017,0.093,0.231,0.538,0.324,2015-16,
8640,Nerlens Noel,PHI,22,210.82,103.418976,Kentucky,USA,2013,1,6,67,11.1,8.1,1.8,-11,0.085,0.22,0.189,0.544,0.107,2015-16,
8641,Nazr Mohammed,OKC,38,208.28,113.398,Kentucky,USA,1998,1,29,5,1.6,0.8,0,-9.5,0.056,0.158,0.206,0.68,0,2015-16,
8642,Nate Robinson,NOP,32,175.26,81.64656,Washington,USA,2005,1,21,2,0,0,2,-43.4,0,0,0.019,0,0.286,2015-16,
8643,Myles Turner,IND,20,210.82,110.222856,Texas,USA,2015,1,11,60,10.3,5.5,0.7,-1.3,0.054,0.207,0.211,0.531,0.05,2015-16,
8644,Montrezl Harrell,HOU,22,203.2,108.86208,Louisville,USA,2015,2,32,39,3.6,1.7,0.4,5,0.076,0.108,0.144,0.635,0.067,2015-16,
8645,Aaron Brooks,CHI,31,182.88,73.028312,Oregon,USA,2007,1,26,69,7.1,1.5,2.6,-1.4,0.02,0.078,0.231,0.494,0.265,2015-16,
8646,Mo Williams,CLE,33,185.42,89.811216,Alabama,USA,2003,2,47,41,8.2,1.8,2.4,-5,0.009,0.099,0.227,0.527,0.231,2015-16,
8647,Mitch McGary,OKC,24,208.28,115.66596,Michigan,USA,2014,1,21,20,1.3,0.9,0.2,-32.2,0.068,0.222,0.208,0.474,0.071,2015-16,
8648,Mirza Teletovic,PHX,30,205.74,109.769264,None,Bosnia,Undrafted,Undrafted,Undrafted,79,12.2,3.8,1.1,-5.8,0.035,0.164,0.233,0.571,0.088,2015-16,
8649,Miles Plumlee,MIL,27,210.82,112.944408,Duke,USA,2012,1,26,61,5.1,3.8,0.3,-4.5,0.121,0.174,0.154,0.606,0.03,2015-16,
8650,Mike Scott,ATL,27,203.2,107.501304,Virginia,USA,2012,2,43,75,6.2,2.7,1,5.1,0.052,0.144,0.176,0.575,0.106,2015-16,
8651,Mike Muscala,ATL,24,210.82,108.86208,Bucknell,USA,2013,2,44,60,3.3,2,0.6,-2.2,0.075,0.157,0.158,0.576,0.099,2015-16,
8652,Mike Miller,DEN,36,203.2,98.883056,Florida,USA,2000,1,5,47,1.3,1.1,0.9,-14.2,0.016,0.14,0.092,0.508,0.159,2015-16,
8653,Nene,WAS,33,210.82,113.398,None,Brazil,2002,1,7,57,9.2,4.5,1.7,2.4,0.054,0.227,0.223,0.564,0.145,2015-16,
8654,Luis Montero,POR,23,200.66,83.91452,Westchester CC NY,Dominican Republic,Undrafted,Undrafted,Undrafted,12,1.2,0.3,0.1,-58,0,0.118,0.266,0.337,0.067,2015-16,
8655,Kevin Garnett,MIN,40,210.82,108.86208,None,USA,1995,1,5,38,3.2,3.9,1.6,6.6,0.031,0.262,0.117,0.491,0.164,2015-16,
8656,Luc Mbah a Moute,LAC,29,203.2,104.32616,UCLA,Cameroon,2008,2,37,75,3.1,2.3,0.4,11.5,0.053,0.09,0.097,0.498,0.032,2015-16,
8657,Kevin Durant,OKC,27,205.74,108.86208,Texas,USA,2007,1,2,72,28.2,8.2,5,11.2,0.021,0.209,0.305,0.634,0.23,2015-16,T
8658,Kentavious Caldwell-Pope,DET,23,195.58,92.98636,Georgia,USA,2013,1,8,76,14.5,3.7,1.8,2,0.026,0.085,0.18,0.521,0.075,2015-16,
8659,Kent Bazemore,ATL,26,195.58,91.171992,Old Dominion,USA,Undrafted,Undrafted,Undrafted,75,11.6,5.1,2.3,3.2,0.015,0.176,0.199,0.551,0.127,2015-16,
8660,Kenneth Faried,DEN,26,203.2,103.418976,Morehead State,USA,2011,1,22,67,12.5,8.7,1.2,-4.3,0.15,0.232,0.207,0.577,0.077,2015-16,
8661,Kendrick Perkins,NOP,31,208.28,122.46984,None,USA,2003,1,27,37,2.5,3.5,0.8,-5.8,0.053,0.225,0.106,0.529,0.077,2015-16,
8662,Kendall Marshall,PHI,24,193.04,90.7184,North Carolina,USA,2012,1,13,30,3.7,0.9,2.4,-14.6,0.005,0.076,0.181,0.449,0.266,2015-16,
8663,Kemba Walker,CHA,26,185.42,83.460928,Connecticut,USA,2011,1,9,81,20.9,4.4,5.2,4.2,0.021,0.116,0.265,0.554,0.253,2015-16,
8664,Kelly Oubre Jr.,WAS,20,200.66,92.98636,Kansas,USA,2015,1,15,63,3.7,2.1,0.2,-1.9,0.039,0.177,0.173,0.507,0.029,2015-16,
8665,Kelly Olynyk,BOS,25,213.36,107.954896,Gonzaga,Canada,2013,1,13,69,10,4.1,1.5,5.2,0.054,0.158,0.207,0.561,0.119,2015-16,
8666,Keith Appling,ORL,24,185.42,83.91452,Michigan State,USA,Undrafted,Undrafted,Undrafted,5,1.2,0.2,0.2,20.3,0,0.042,0.201,0.338,0.059,2015-16,
8667,Kawhi Leonard,SAS,25,200.66,104.32616,San Diego State,USA,2011,1,15,72,21.2,6.8,2.6,14.3,0.046,0.182,0.258,0.616,0.128,2015-16,T
8668,Karl-Anthony Towns,MIN,20,213.36,110.676448,Kentucky,USA,2015,1,1,82,18.3,10.5,2,-2.1,0.102,0.271,0.247,0.59,0.108,2015-16,
8669,Kevin Love,CLE,27,208.28,113.851592,UCLA,USA,2008,1,5,77,16,9.9,2.4,8.4,0.071,0.287,0.235,0.553,0.119,2015-16,
8670,KJ McDaniels,HOU,23,198.12,92.98636,Clemson,USA,2014,2,32,37,2.4,1.1,0.3,18.9,0.078,0.104,0.188,0.522,0.059,2015-16,
8671,Justise Winslow,MIA,20,200.66,102.0582,Duke,USA,2015,1,10,78,6.4,5.2,1.5,3.9,0.042,0.158,0.124,0.489,0.077,2015-16,
8672,Justin Holiday,CHI,27,198.12,83.91452,Washington,USA,Undrafted,Undrafted,Undrafted,53,4.5,1.7,1.1,-3.4,0.017,0.111,0.164,0.489,0.111,2015-16,
8673,Justin Harper,BKN,26,208.28,102.0582,Richmond,USA,2011,2,32,5,2.6,0.2,0,-51.9,0,0.038,0.177,0.597,0,2015-16,
8674,Justin Anderson,DAL,22,198.12,103.418976,Virginia,USA,2015,1,21,55,3.8,2.4,0.5,2.2,0.029,0.188,0.155,0.522,0.071,2015-16,
8675,Julius Randle,LAL,21,205.74,113.398,Kentucky,USA,2014,1,7,81,11.3,10.2,1.8,-15.4,0.077,0.327,0.212,0.482,0.111,2015-16,
8676,Jrue Holiday,NOP,26,193.04,92.98636,UCLA,USA,2009,1,17,65,16.8,3,6,-0.3,0.016,0.106,0.287,0.529,0.365,2015-16,
8677,Josh Smith,HOU,30,205.74,102.0582,None,USA,2004,1,17,55,6,3.5,1.6,-4.2,0.059,0.177,0.226,0.439,0.172,2015-16,
8678,Josh Richardson,MIA,22,198.12,90.7184,Tennessee,USA,2015,2,40,52,6.6,2.1,1.4,3.1,0.023,0.085,0.137,0.569,0.098,2015-16,
8679,Josh McRoberts,MIA,29,208.28,108.86208,Duke,USA,2007,2,37,42,3.6,2.5,1.9,2,0.044,0.157,0.154,0.453,0.204,2015-16,
8680,Josh Huestis,OKC,24,200.66,104.32616,Stanford,USA,2014,1,29,5,2.8,2,0,-3.4,0.045,0.157,0.132,0.509,0,2015-16,
8681,O.J. Mayo,MIL,28,195.58,95.25432,Southern California,USA,2008,1,3,41,7.8,2.6,2.9,-1.2,0.013,0.094,0.169,0.474,0.156,2015-16,
8682,Jose Calderon,NYK,34,190.5,90.7184,None,Spain,Undrafted,Undrafted,Undrafted,72,7.6,3.2,4.1,-2,0.012,0.109,0.126,0.571,0.213,2015-16,
8683,Jusuf Nurkic,DEN,21,213.36,127.00576,None,Bosnia & Herzegovina,2014,1,16,32,8.2,5.5,1.3,-1.3,0.128,0.227,0.272,0.46,0.123,2015-16,
8684,Lucas Nogueira,TOR,23,213.36,99.79024,None,Brazil,2013,1,16,29,2.2,1.6,0.2,8.1,0.087,0.136,0.125,0.642,0.044,2015-16,
8685,Kevin Martin,SAS,33,200.66,90.264808,Western Carolina,USA,2004,1,26,55,9.3,2,1.1,-5.4,0.014,0.102,0.222,0.52,0.089,2015-16,
8686,Kevon Looney,GSW,20,205.74,99.79024,UCLA,USA,2015,1,30,5,1.8,2,0,-41.8,0.16,0.375,0.154,0.643,0,2015-16,
8687,Lou Williams,LAL,29,185.42,79.3786,None,USA,2005,2,45,67,15.3,2.5,2.5,-10.8,0.017,0.08,0.227,0.584,0.149,2015-16,
8688,Lou Amundson,NYK,33,205.74,99.79024,Nevada-Las Vegas,USA,Undrafted,Undrafted,Undrafted,29,1.8,1.7,0.4,-9.7,0.115,0.137,0.175,0.401,0.107,2015-16,
8689,Lorenzo Brown,DET,25,195.58,85.728888,North Carolina State,USA,2013,2,52,8,2.5,0.9,1.4,-29.1,0,0.149,0.261,0.374,0.306,2015-16,
8690,Leandro Barbosa,GSW,33,190.5,87.996848,None,Brazil,2003,1,28,68,6.4,1.7,1.2,3.1,0.028,0.09,0.179,0.545,0.112,2015-16,
8691,LeBron James,CLE,31,203.2,113.398,None,USA,2003,1,1,76,25.3,7.4,6.8,11,0.047,0.187,0.311,0.588,0.339,2015-16,T
8692,Lavoy Allen,IND,27,205.74,115.66596,Temple,USA,2011,2,50,79,5.4,5.4,1,6.9,0.114,0.18,0.131,0.532,0.07,2015-16,
8693,Larry Nance Jr.,LAL,23,205.74,104.32616,Wyoming,USA,2015,1,27,63,5.5,5,0.7,-5.2,0.086,0.184,0.126,0.544,0.055,2015-16,
8694,Langston Galloway,NYK,24,187.96,90.7184,Saint Joseph's,USA,Undrafted,Undrafted,Undrafted,82,7.6,3.5,2.5,-2.9,0.023,0.131,0.155,0.49,0.161,2015-16,
8695,Lance Thomas,NYK,28,203.2,106.59412,Duke,USA,Undrafted,Undrafted,Undrafted,59,8.2,2.2,0.9,-0.1,0.03,0.079,0.172,0.557,0.066,2015-16,
8696,Lance Stephenson,MEM,25,195.58,104.32616,Cincinnati,USA,2010,2,40,69,8.3,3.2,1.9,-2.4,0.032,0.152,0.199,0.548,0.152,2015-16,
8697,Lamar Patterson,ATL,24,195.58,102.0582,Pittsburgh,USA,2014,2,48,35,2.4,1.4,1.1,3.1,0.012,0.141,0.126,0.468,0.134,2015-16,
8698,LaMarcus Aldridge,SAS,30,210.82,108.86208,Texas,USA,2006,1,2,74,18,8.5,1.5,12,0.091,0.222,0.26,0.565,0.081,2015-16,T
8699,Kevin Seraphin,NYK,26,208.28,126.098576,Le Moyne,France,2010,1,17,48,3.9,2.6,1,-10.4,0.065,0.194,0.223,0.435,0.157,2015-16,
8700,Kyrie Irving,CLE,24,190.5,87.543256,Duke,Australia,2011,1,1,53,19.6,3,4.7,5.7,0.03,0.078,0.293,0.54,0.253,2015-16,
8701,Kyle O'Quinn,NYK,26,208.28,113.398,Norfolk State,USA,2012,2,49,65,4.8,3.8,1.1,-4.3,0.114,0.237,0.212,0.52,0.161,2015-16,
8702,Kyle Lowry,TOR,30,182.88,92.98636,Villanova,USA,2006,1,24,77,21.2,4.7,6.4,6,0.023,0.124,0.26,0.578,0.293,2015-16,T
8703,Kyle Korver,ATL,35,200.66,96.161504,Creighton,USA,2003,2,51,80,9.2,3.3,2.1,6.3,0.006,0.108,0.135,0.577,0.095,2015-16,
8704,Kyle Anderson,SAS,22,205.74,104.32616,UCLA,USA,2014,1,30,78,4.5,3.1,1.6,10,0.024,0.201,0.147,0.528,0.14,2015-16,
8705,Kristaps Porzingis,NYK,20,220.98,108.86208,None,Latvia,2015,1,4,72,14.3,7.3,1.3,-0.2,0.071,0.206,0.245,0.518,0.076,2015-16,
8706,Kris Humphries,ATL,31,205.74,106.59412,Minnesota,USA,2004,1,14,53,6.5,4.1,0.7,-5.2,0.073,0.216,0.192,0.517,0.068,2015-16,
8707,Kostas Papanikolaou,DEN,25,203.2,106.59412,None,Greece,2012,2,48,26,2.6,1.5,0.6,-0.2,0.032,0.125,0.145,0.464,0.077,2015-16,
8708,Kosta Koufos,SAC,27,213.36,120.20188,Ohio State,USA,2008,1,23,78,6.8,5.4,0.4,-7.1,0.122,0.19,0.155,0.54,0.034,2015-16,
8709,Kobe Bryant,LAL,37,198.12,96.161504,None,USA,1996,1,13,66,17.6,3.7,2.8,-15.8,0.023,0.123,0.319,0.469,0.183,2015-16,T
8710,Klay Thompson,GSW,26,200.66,97.52228,Washington State,USA,2011,1,11,80,22.1,3.8,2.1,15.7,0.015,0.1,0.264,0.597,0.094,2015-16,T
8711,Kirk Hinrich,ATL,35,193.04,86.18248,Kansas,USA,2003,1,7,46,3,1.5,1.6,1.5,0.014,0.107,0.117,0.504,0.173,2015-16,
8712,Khris Middleton,MIL,24,203.2,106.140528,Texas A&M,USA,2012,2,39,79,18.2,3.8,4.2,-0.1,0.018,0.103,0.229,0.56,0.183,2015-16,
8713,Kyle Singler,OKC,28,203.2,103.418976,Duke,USA,2011,2,33,68,3.4,2.1,0.4,-0.7,0.056,0.099,0.117,0.481,0.035,2015-16,
8714,Omer Asik,NOP,29,213.36,115.66596,None,Turkey,2008,2,36,68,4,6.1,0.4,-9.3,0.103,0.28,0.115,0.551,0.032,2015-16,
8715,Steve Blake,DET,36,190.5,78.017824,Maryland,USA,2003,2,38,58,4.4,1.5,3.4,-3.7,0.01,0.092,0.148,0.51,0.311,2015-16,
8716,Orlando Johnson,NOP,27,195.58,99.79024,California-Santa Barbara,USA,2012,2,36,7,3.7,2.1,0.3,-16.1,0.035,0.141,0.169,0.346,0.031,2015-16,
8717,Tobias Harris,DET,23,205.74,106.59412,Tennessee,USA,2011,1,19,76,14.7,6.7,2.2,-0.5,0.042,0.184,0.195,0.56,0.106,2015-16,
8718,Timofey Mozgov,CLE,29,215.9,124.7378,None,Russia,Undrafted,Undrafted,Undrafted,76,6.3,4.4,0.4,0.8,0.097,0.187,0.165,0.593,0.039,2015-16,
8719,Tim Hardaway Jr.,ATL,24,198.12,92.98636,Michigan,USA,2013,1,24,51,6.4,1.7,1,6.1,0.009,0.097,0.164,0.563,0.089,2015-16,
8720,Tim Frazier,NOP,25,185.42,77.11064,None,USA,Undrafted,Undrafted,Undrafted,51,5.1,2.2,3.2,-0.5,0.039,0.126,0.198,0.499,0.339,2015-16,
8721,Tim Duncan,SAS,40,210.82,113.398,Wake Forest,US Virgin Islands,1997,1,1,61,8.6,7.3,2.7,13.7,0.087,0.234,0.174,0.523,0.153,2015-16,
8722,Tibor Pleiss,UTA,26,220.98,116.119552,None,Germany,2010,2,31,12,2,1.3,0.2,-6,0.095,0.134,0.199,0.464,0.043,2015-16,
8723,Tiago Splitter,ATL,31,210.82,111.13004,None,Brazil,2007,1,28,36,5.6,3.3,0.8,9.3,0.09,0.145,0.154,0.571,0.077,2015-16,
8724,Thomas Robinson,BKN,25,208.28,107.501304,Kansas,USA,2012,1,5,71,4.3,5.1,0.6,-13.9,0.152,0.293,0.192,0.453,0.08,2015-16,
8725,Thanasis Antetokounmpo,NYK,23,200.66,92.98636,None,Greece,2014,2,51,2,3,0.5,0,-26.1,0,0.125,0.288,0.75,0,2015-16,
8726,Thaddeus Young,BKN,28,203.2,100.243832,Georgia Tech,USA,2007,1,12,73,15.1,9,1.9,-4.4,0.083,0.227,0.219,0.533,0.094,2015-16,
8727,Thabo Sefolosha,ATL,32,200.66,99.79024,None,Switzerland,2006,1,13,75,6.4,4.5,1.4,3.1,0.034,0.171,0.125,0.579,0.093,2015-16,
8728,Terry Rozier,BOS,22,187.96,86.18248,Louisville,USA,2015,1,16,39,1.8,1.6,0.9,-6.6,0.071,0.134,0.176,0.326,0.199,2015-16,
8729,Toney Douglas,NOP,30,187.96,88.45044,Florida State,USA,2009,1,29,61,8.7,2.3,2.6,-4.8,0.02,0.111,0.192,0.543,0.188,2015-16,
8730,Terrence Ross,TOR,25,200.66,88.45044,Washington,USA,2012,1,8,73,9.9,2.5,0.8,5.7,0.014,0.104,0.183,0.551,0.053,2015-16,
8731,Tayshaun Prince,MIN,36,205.74,96.161504,Kentucky,USA,2002,1,23,77,2.9,1.9,1,-1.9,0.025,0.089,0.083,0.466,0.073,2015-16,
8732,Tarik Black,LAL,24,205.74,113.398,Kansas,USA,Undrafted,Undrafted,Undrafted,39,3.4,4,0.4,0.7,0.1,0.257,0.13,0.537,0.053,2015-16,
8733,Taj Gibson,CHI,31,205.74,102.0582,Southern California,USA,2009,1,26,73,8.6,6.9,1.5,-2.6,0.116,0.155,0.148,0.556,0.083,2015-16,
8734,TJ Warren,PHX,22,203.2,104.32616,North Carolina State,USA,2014,1,14,47,11,3.1,0.9,-7.2,0.057,0.1,0.198,0.549,0.068,2015-16,
8735,T.J. McConnell,PHI,24,187.96,90.7184,Arizona,USA,Undrafted,Undrafted,Undrafted,81,6.1,3.1,4.5,-7.9,0.029,0.154,0.171,0.511,0.36,2015-16,
8736,Steven Adams,OKC,22,213.36,115.66596,Pittsburgh,New Zealand,2013,1,12,80,8,6.7,0.8,11.1,0.124,0.158,0.127,0.621,0.042,2015-16,
8737,Steve Novak,MIL,33,208.28,102.0582,Marquette,USA,2006,2,32,10,2.4,0.5,0,5.1,0,0.102,0.18,0.651,0,2015-16,
8738,Jorge Gutierrez,CHA,27,190.5,85.728888,California-Berkeley,Mexico,Undrafted,Undrafted,Undrafted,12,1.8,0.6,1.4,11.6,0,0.103,0.155,0.694,0.395,2015-16,
8739,Stephen Curry,GSW,28,190.5,86.18248,Davidson,USA,2009,1,7,79,30.1,5.4,6.7,18.3,0.029,0.131,0.32,0.669,0.315,2015-16,T
8740,Stanley Johnson,DET,20,200.66,111.13004,Arizona,USA,2015,1,8,73,8.1,4.2,1.6,-3.8,0.036,0.164,0.196,0.46,0.113,2015-16,
8741,Spencer Hawes,CHA,28,215.9,111.13004,Washington,USA,2007,1,10,57,6,4.3,1.9,2.1,0.053,0.201,0.171,0.508,0.171,2015-16,
8742,Spencer Dinwiddie,CHI,23,198.12,90.7184,Colorado,USA,2014,2,38,12,4.8,1.4,1.8,-17,0.025,0.094,0.213,0.423,0.297,2015-16,
8743,Terrence Jones,HOU,24,205.74,114.305184,Kentucky,USA,2012,1,18,50,8.7,4.2,0.8,-10.5,0.064,0.166,0.195,0.519,0.069,2015-16,
8744,Sonny Weems,PHX,29,198.12,92.98636,Arkansas,USA,2008,2,39,43,2.5,1.2,1.1,-10.7,0.014,0.109,0.132,0.459,0.148,2015-16,
8745,Tony Allen,MEM,34,193.04,96.615096,Oklahoma State,USA,2004,1,25,64,8.4,4.6,1.1,-1.4,0.071,0.143,0.17,0.505,0.068,2015-16,
8746,Tony Snell,CHI,24,200.66,90.7184,New Mexico,USA,2013,1,20,64,5.3,3.1,1,4.5,0.016,0.132,0.137,0.478,0.07,2015-16,
8747,Zach LaVine,MIN,21,195.58,85.728888,UCLA,USA,2014,1,13,82,14,2.8,3.1,-5.5,0.014,0.1,0.233,0.548,0.187,2015-16,
8748,Xavier Munford,MEM,24,190.5,81.64656,Rhode Island,USA,Undrafted,Undrafted,Undrafted,14,5.7,2.2,1.6,-9.5,0.013,0.144,0.172,0.481,0.136,2015-16,
8749,Willie Reed,BKN,26,208.28,99.79024,Saint Louis,USA,Undrafted,Undrafted,Undrafted,39,4.7,3.1,0.3,-7.9,0.132,0.206,0.18,0.579,0.039,2015-16,
8750,Willie Cauley-Stein,SAC,22,213.36,108.86208,Kentucky,USA,2015,1,6,66,7,5.3,0.6,-2.7,0.105,0.166,0.133,0.588,0.038,2015-16,
8751,Will Barton,DEN,25,198.12,79.3786,Memphis,USA,2012,2,40,82,14.4,5.8,2.5,-3.5,0.028,0.202,0.231,0.535,0.147,2015-16,
8752,Wesley Matthews,DAL,29,195.58,99.79024,Marquette,USA,Undrafted,Undrafted,Undrafted,78,12.5,3.1,1.9,2.7,0.011,0.089,0.174,0.532,0.088,2015-16,
8753,Wesley Johnson,LAC,28,200.66,97.52228,Syracuse,USA,2010,1,4,80,6.9,3.1,0.6,3.3,0.024,0.137,0.157,0.513,0.045,2015-16,
8754,Wayne Ellington,BKN,28,193.04,90.7184,North Carolina,USA,2009,1,28,76,7.7,2.3,1.1,-10.6,0.013,0.107,0.176,0.498,0.082,2015-16,
8755,Vince Carter,MEM,39,198.12,99.79024,North Carolina,USA,1998,1,5,60,6.6,2.4,0.9,-3,0.033,0.132,0.181,0.52,0.089,2015-16,
8756,Victor Oladipo,ORL,24,193.04,95.25432,Indiana,USA,2013,1,2,72,16,4.8,3.9,-0.6,0.022,0.135,0.228,0.534,0.182,2015-16,
8757,Udonis Haslem,MIA,36,203.2,106.59412,Florida,USA,Undrafted,Undrafted,Undrafted,37,1.6,2,0.4,0,0.05,0.301,0.136,0.432,0.08,2015-16,
8758,Tyus Jones,MIN,20,187.96,88.45044,Duke,USA,2015,1,24,37,4.2,1.3,2.9,-10,0.014,0.083,0.159,0.45,0.278,2015-16,
8759,Tony Parker,SAS,34,187.96,83.91452,None,France,2001,1,28,72,11.9,2.4,5.3,10.6,0.01,0.089,0.214,0.546,0.294,2015-16,
8760,Tyson Chandler,PHX,33,215.9,108.86208,None,USA,2001,1,2,66,7.2,8.7,1,-12.6,0.116,0.272,0.128,0.606,0.064,2015-16,
8761,Tyler Zeller,BOS,26,213.36,114.758776,North Carolina,USA,2012,1,17,60,6.1,3,0.5,-3.4,0.091,0.168,0.23,0.539,0.073,2015-16,
8762,Tyler Johnson,MIA,24,193.04,84.368112,Fresno State,USA,Undrafted,Undrafted,Undrafted,36,8.7,3,2.2,2.4,0.038,0.104,0.172,0.579,0.151,2015-16,
8763,Tyler Hansbrough,CHA,30,205.74,113.398,North Carolina,USA,2009,1,13,44,2.4,2,0.2,-1.2,0.119,0.174,0.146,0.522,0.038,2015-16,
8764,Tyler Ennis,MIL,21,190.5,87.996848,Syracuse,Canada,2014,1,18,46,4.5,1.6,2.1,-5.5,0.023,0.108,0.173,0.51,0.225,2015-16,
8765,Ty Lawson,IND,28,180.34,88.45044,North Carolina,USA,2009,1,18,66,5.7,1.8,3.6,-6.2,0.019,0.072,0.147,0.476,0.251,2015-16,
8766,Troy Daniels,CHA,24,193.04,92.98636,Virginia Commonwealth,USA,Undrafted,Undrafted,Undrafted,43,5.6,1.3,0.5,-2.4,0.016,0.119,0.202,0.634,0.083,2015-16,
8767,Tristan Thompson,CLE,25,205.74,107.954896,Texas,Canada,2011,1,4,82,7.8,9,0.8,7.9,0.133,0.233,0.116,0.611,0.04,2015-16,
8768,Trey Lyles,UTA,20,208.28,106.140528,Kentucky,USA,2015,1,12,80,6.1,3.7,0.7,-0.9,0.048,0.203,0.183,0.517,0.072,2015-16,
8769,Trey Burke,UTA,23,185.42,86.636072,Michigan,USA,2013,1,9,64,10.6,1.8,2.3,-2,0.015,0.08,0.247,0.507,0.201,2015-16,
8770,Trevor Booker,UTA,28,203.2,103.418976,Clemson,USA,2010,1,23,79,5.9,5.7,1.1,1.6,0.119,0.202,0.144,0.533,0.083,2015-16,
8771,Trevor Ariza,HOU,31,203.2,97.52228,UCLA,USA,2004,2,43,81,12.7,4.5,2.3,0.4,0.026,0.119,0.158,0.551,0.1,2015-16,
8772,Tony Wroten,NYK,23,198.12,92.98636,Washington,USA,2012,1,25,8,8.4,2.6,2.5,-24.2,0.015,0.141,0.32,0.412,0.274,2015-16,
8773,Tyreke Evans,NOP,26,198.12,99.79024,Memphis,USA,2009,1,4,25,15.2,5.2,6.6,-0.9,0.029,0.159,0.254,0.534,0.366,2015-16,
8774,Omri Casspi,SAC,28,205.74,102.0582,None,Israel,2009,1,23,69,11.8,5.9,1.4,-0.2,0.034,0.196,0.177,0.587,0.074,2015-16,
8775,Solomon Hill,IND,25,200.66,102.0582,Arizona,USA,2013,1,23,59,4.2,2.8,1,4.2,0.049,0.156,0.131,0.543,0.093,2015-16,
8776,Shayne Whittington,IND,25,210.82,113.398,Western Michigan,USA,Undrafted,Undrafted,Undrafted,7,1.6,1.7,0.4,-8.4,0.116,0.194,0.182,0.463,0.12,2015-16,
8777,Reggie Jackson,DET,26,190.5,94.347136,Boston College,USA,2011,1,24,79,18.8,3.2,6.2,1.6,0.025,0.092,0.288,0.535,0.344,2015-16,
8778,Reggie Bullock,DET,25,200.66,92.98636,North Carolina,USA,2013,1,25,37,3.3,1.8,0.7,-7.5,0.034,0.151,0.117,0.583,0.1,2015-16,
8779,Raymond Felton,DAL,32,185.42,92.98636,North Carolina,USA,2005,1,5,80,9.5,3.2,3.6,0.8,0.018,0.111,0.184,0.502,0.205,2015-16,
8780,Ray McCallum,SAS,25,190.5,86.18248,Detroit Mercy,USA,2013,2,36,41,3.3,1.1,1.5,3.1,0.018,0.096,0.168,0.449,0.185,2015-16,
8781,Raul Neto,UTA,24,185.42,81.192968,None,Brazil,2013,2,47,81,5.9,1.5,2.1,3.6,0.014,0.08,0.176,0.53,0.19,2015-16,
8782,Rasual Butler,SAS,37,200.66,97.52228,La Salle,USA,2002,2,52,46,2.7,1.2,0.5,11.9,0.008,0.13,0.129,0.558,0.079,2015-16,
8783,Rashad Vaughn,MIL,19,198.12,91.625584,UNLV,USA,2015,1,17,70,3.1,1.3,0.6,-6.8,0.012,0.086,0.133,0.398,0.055,2015-16,
8784,Randy Foye,OKC,32,193.04,96.615096,Villanova,USA,2006,1,7,81,5.9,1.9,2,1,0.016,0.086,0.16,0.461,0.144,2015-16,
8785,Ramon Sessions,WAS,30,190.5,86.18248,Nevada,USA,2007,2,56,82,9.9,2.5,2.9,-1.4,0.017,0.123,0.22,0.565,0.228,2015-16,
8786,Rakeem Christmas,IND,24,205.74,113.398,Syracuse,USA,2015,2,36,1,4,1,0,-85.4,0.25,0,0.154,1,0,2015-16,
8787,Rajon Rondo,SAC,30,185.42,84.368112,Kentucky,USA,2006,1,21,72,11.9,6,11.7,-3.4,0.033,0.15,0.187,0.506,0.473,2015-16,
8788,RJ Hunter,BOS,22,195.58,83.91452,Georgia State,USA,2015,1,28,36,2.7,1,0.4,-3.5,0.006,0.131,0.155,0.48,0.068,2015-16,
8789,Richard Jefferson,CLE,36,200.66,105.686936,Arizona,USA,2001,1,13,74,5.5,1.7,0.8,-2.3,0.013,0.096,0.136,0.585,0.07,2015-16,
8790,Quincy Acy,SAC,25,200.66,108.86208,Baylor,USA,2012,2,37,59,5.2,3.2,0.5,-7.6,0.079,0.154,0.131,0.629,0.045,2015-16,
8791,Paul Pierce,LAC,38,200.66,106.59412,Kansas,USA,1998,1,10,68,6.1,2.7,1,2.2,0.011,0.151,0.18,0.489,0.088,2015-16,
8792,Paul Millsap,ATL,31,203.2,111.583632,Louisiana Tech,USA,2006,2,47,81,17.1,9,3.3,4,0.083,0.213,0.24,0.556,0.162,2015-16,T
8793,Paul George,IND,26,205.74,99.79024,Fresno State,USA,2010,1,10,81,23.1,7,4.1,3.3,0.031,0.187,0.301,0.557,0.203,2015-16,T
8794,Pau Gasol,CHI,35,213.36,113.398,None,Spain,2001,1,3,72,16.5,11,4.1,-1.2,0.073,0.277,0.246,0.529,0.215,2015-16,T
8795,Patty Mills,SAS,27,182.88,83.91452,Saint Mary's (CA),Australia,2009,2,55,81,8.5,2,2.8,12.2,0.019,0.087,0.193,0.541,0.197,2015-16,
8796,Patrick Patterson,TOR,27,205.74,106.59412,Kentucky,USA,2010,1,14,79,6.9,4.3,1.2,9.3,0.046,0.146,0.131,0.534,0.07,2015-16,
8797,Patrick Beverley,HOU,27,185.42,83.91452,Arkansas,USA,2009,2,42,71,9.9,3.5,3.4,3.1,0.04,0.097,0.155,0.553,0.175,2015-16,
8798,Pat Connaughton,POR,23,195.58,93.439952,Notre Dame,USA,2015,2,41,34,1.1,0.9,0.3,-6.7,0.08,0.144,0.188,0.352,0.115,2015-16,
8799,Pablo Prigioni,LAC,39,190.5,83.91452,None,Argentina,Undrafted,Undrafted,Undrafted,59,2.5,1.9,2.2,-2.7,0.05,0.103,0.112,0.482,0.235,2015-16,
8800,PJ Tucker,PHX,31,198.12,111.13004,Texas,USA,2006,2,35,82,8,6.2,2.2,-7.2,0.07,0.152,0.127,0.506,0.104,2015-16,
8801,PJ Hairston,MEM,23,198.12,104.32616,North Carolina,USA,2014,1,26,66,6.2,2.6,0.6,-6,0.02,0.136,0.164,0.47,0.045,2015-16,
8802,Otto Porter Jr.,WAS,23,203.2,89.811216,Georgetown,USA,2013,1,3,75,11.6,5.2,1.6,0.6,0.047,0.148,0.16,0.564,0.076,2015-16,
8803,Phil Pressey,POR,25,180.34,79.3786,Missouri,USA,Undrafted,Undrafted,Undrafted,23,3.3,1.3,3.3,-6.7,0.011,0.109,0.178,0.433,0.395,2015-16,
8804,Shelvin Mack,UTA,26,190.5,92.079176,Butler,USA,2011,2,34,52,8.6,2.5,3.6,3.6,0.014,0.125,0.234,0.507,0.292,2015-16,
8805,Richaun Holmes,PHI,22,208.28,111.13004,Bowling Green,USA,2015,2,37,51,5.6,2.6,0.6,-2.5,0.099,0.121,0.175,0.564,0.073,2015-16,
8806,Robert Covington,PHI,25,205.74,97.52228,Tennessee State,USA,Undrafted,Undrafted,Undrafted,67,12.8,6.3,1.4,-7.8,0.035,0.211,0.213,0.543,0.083,2015-16,
8807,Shaun Livingston,GSW,30,200.66,87.089664,None,USA,2004,1,4,78,6.3,2.2,3,8.5,0.032,0.089,0.145,0.581,0.222,2015-16,
8808,Shane Larkin,BKN,23,180.34,79.3786,Miami (FL),USA,2013,1,18,78,7.3,2.3,4.4,-9.6,0.018,0.104,0.175,0.515,0.3,2015-16,
8809,Shabazz Napier,ORL,24,185.42,79.3786,Connecticut,USA,2014,1,24,55,3.7,1,1.8,-5.2,0.016,0.087,0.202,0.46,0.253,2015-16,
8810,Shabazz Muhammad,MIN,23,198.12,101.151016,UCLA,USA,2013,1,14,82,10.5,3.3,0.6,-6.6,0.071,0.117,0.229,0.548,0.055,2015-16,
8811,Seth Curry,SAC,25,187.96,83.91452,Duke,USA,Undrafted,Undrafted,Undrafted,44,6.8,1.4,1.5,-3.7,0.014,0.081,0.176,0.603,0.148,2015-16,
8812,Sergey Karasev,BKN,22,200.66,94.347136,None,Russia,2013,1,19,40,2.4,1.5,0.9,1,0.024,0.15,0.12,0.562,0.114,2015-16,
8813,Serge Ibaka,OKC,26,208.28,111.13004,None,Democratic Republic of the Congo,2008,1,24,78,12.6,6.8,0.8,9.9,0.065,0.16,0.176,0.533,0.037,2015-16,
8814,Sean Kilpatrick,BKN,26,193.04,99.336648,Cincinnati,USA,Undrafted,Undrafted,Undrafted,31,11.1,1.8,0.9,-12.3,0.021,0.083,0.23,0.576,0.078,2015-16,
8815,Sasha Vujacic,NYK,32,200.66,88.45044,None,Slovenia,2004,1,27,61,4.9,2.4,1.4,-1.9,0.03,0.151,0.164,0.503,0.146,2015-16,
8816,Sasha Kaun,CLE,31,210.82,117.93392,Kansas,Russia,2008,2,56,25,0.9,1,0.1,-3.2,0.143,0.154,0.134,0.527,0.052,2015-16,
8817,Sam Dekker,HOU,22,205.74,104.32616,Wisconsin,USA,2015,1,18,3,0,0.3,0,2.8,0,0.2,0,0,0,2015-16,
8818,Salah Mejri,DAL,30,218.44,111.13004,None,Tunisia,Undrafted,Undrafted,Undrafted,34,3.7,3.6,0.3,6.3,0.114,0.211,0.141,0.636,0.038,2015-16,
8819,Ricky Rubio,MIN,25,193.04,87.996848,None,Spain,2009,1,5,76,10.1,4.3,8.7,1.1,0.02,0.139,0.176,0.529,0.402,2015-16,
8820,Ryan Kelly,LAL,25,210.82,104.32616,Duke,USA,2013,2,48,36,4.2,3.4,0.6,-0.9,0.046,0.229,0.176,0.44,0.07,2015-16,
8821,Ryan Anderson,NOP,28,208.28,108.86208,California,USA,2008,1,21,66,17,6,1.1,-1.2,0.069,0.153,0.242,0.546,0.059,2015-16,
8822,Russell Westbrook,OKC,27,190.5,90.7184,UCLA,USA,2008,1,4,80,23.5,7.8,10.4,10.8,0.061,0.178,0.313,0.554,0.468,2015-16,T
8823,Russ Smith,MEM,25,182.88,74.84268,Louisville,USA,2014,2,47,15,1.5,0.6,0.7,-23.3,0.017,0.143,0.239,0.415,0.314,2015-16,
8824,Rudy Gobert,UTA,24,215.9,111.13004,None,France,2013,1,27,61,9.1,11,1.5,4.3,0.13,0.273,0.143,0.582,0.073,2015-16,
8825,Rudy Gay,SAC,29,203.2,104.32616,Connecticut,USA,2006,1,8,70,17.2,6.5,1.7,-2.1,0.047,0.16,0.225,0.538,0.078,2015-16,
8826,Roy Hibbert,LAL,29,218.44,122.46984,Georgetown,USA,2008,1,17,81,5.9,4.9,1.2,-18,0.071,0.154,0.13,0.507,0.082,2015-16,
8827,Ronnie Price,PHX,33,187.96,86.18248,Utah Valley,USA,Undrafted,Undrafted,Undrafted,62,5.3,1.6,2.4,-3.2,0.021,0.068,0.137,0.517,0.187,2015-16,
8828,Rondae Hollis-Jefferson,BKN,21,200.66,99.79024,Arizona,USA,2015,1,23,29,5.8,5.3,1.5,-2.9,0.067,0.199,0.132,0.519,0.1,2015-16,
8829,Rodney Stuckey,IND,30,195.58,92.98636,Eastern Washington,USA,2007,1,15,58,8.9,2.7,2.4,0.8,0.017,0.116,0.207,0.504,0.179,2015-16,
8830,Rodney Hood,UTA,23,203.2,93.439952,Duke,USA,2014,1,23,79,14.5,3.4,2.7,2,0.018,0.107,0.218,0.542,0.142,2015-16,
8831,Robin Lopez,NYK,28,213.36,115.66596,Stanford,USA,2008,1,15,82,10.3,7.3,1.4,-1.5,0.132,0.161,0.176,0.574,0.083,2015-16,
8832,Robert Sacre,LAL,27,213.36,122.46984,Gonzaga,Canada,2012,2,60,25,3.5,2.9,0.6,-6.6,0.097,0.138,0.138,0.474,0.072,2015-16,
8833,Ryan Hollins,MEM,31,213.36,108.86208,UCLA,USA,2006,2,50,37,3.4,2.6,0.3,-17.3,0.108,0.143,0.117,0.636,0.034,2015-16,
8834,Jordan Mickey,BOS,21,203.2,106.59412,Louisiana State,USA,2015,2,33,16,1.3,0.8,0.1,9.3,0.102,0.143,0.208,0.398,0.03,2015-16,
8835,Brian Roberts,POR,30,185.42,78.471416,Dayton,USA,Undrafted,Undrafted,Undrafted,51,4,0.8,1.1,-6.2,0.013,0.086,0.196,0.552,0.205,2015-16,
8836,Jordan Hill,IND,28,208.28,106.59412,Arizona,USA,2009,1,8,73,8.8,6.2,1.2,1.2,0.112,0.209,0.204,0.534,0.096,2015-16,
8837,Emmanuel Mudiay,DEN,20,195.58,90.7184,None,Democratic Republic of the Congo,2015,1,7,68,12.8,3.4,5.5,-3.7,0.017,0.107,0.253,0.437,0.281,2015-16,
8838,Enes Kanter,OKC,24,210.82,111.13004,Kentucky,Turkey,2011,1,3,82,12.7,8.1,0.4,2.7,0.168,0.256,0.234,0.626,0.032,2015-16,
8839,Eric Bledsoe,PHX,26,185.42,86.18248,Kentucky,USA,2010,1,18,31,20.4,4,6.1,-2.2,0.018,0.112,0.273,0.557,0.298,2015-16,
8840,Eric Gordon,NOP,27,193.04,97.52228,Indiana,USA,2008,1,7,45,15.2,2.2,2.7,-2.6,0.008,0.067,0.205,0.565,0.129,2015-16,
8841,Eric Moreland,SAC,24,208.28,107.954896,Oregon State,USA,Undrafted,Undrafted,Undrafted,8,1,1.4,0.1,1.6,0.079,0.157,0.096,0.515,0.029,2015-16,
8842,Erick Green,DEN,25,193.04,83.91452,Virginia Tech,USA,2013,2,46,9,1.4,0.7,0.3,-1.5,0.086,0.115,0.151,0.468,0.107,2015-16,
8843,Ersan Ilyasova,ORL,29,208.28,106.59412,None,Turkey,2005,2,36,74,10.4,5.4,0.9,-4.3,0.078,0.167,0.182,0.526,0.055,2015-16,
8844,Evan Fournier,ORL,23,200.66,92.98636,None,France,2012,1,20,79,15.4,2.8,2.7,-3.7,0.014,0.085,0.203,0.587,0.128,2015-16,
8845,Evan Turner,BOS,27,200.66,99.79024,Ohio State,USA,2010,1,2,81,10.5,4.9,4.4,1.8,0.023,0.165,0.187,0.513,0.247,2015-16,
8846,Festus Ezeli,GSW,26,210.82,120.20188,Vanderbilt,Nigeria,2012,1,30,46,7,5.6,0.7,14.3,0.141,0.224,0.18,0.559,0.06,2015-16,
8847,Frank Kaminsky,CHA,23,213.36,108.86208,Wisconsin,USA,2015,1,9,81,7.5,4.1,1.2,-0.4,0.044,0.171,0.17,0.513,0.095,2015-16,
8848,Garrett Temple,WAS,30,198.12,88.45044,Louisiana State,USA,Undrafted,Undrafted,Undrafted,80,7.3,2.7,1.8,0.4,0.02,0.103,0.142,0.52,0.102,2015-16,
8849,Gary Harris,DEN,21,193.04,95.25432,Michigan State,USA,2014,1,19,76,12.3,2.9,1.9,-5.1,0.024,0.077,0.163,0.566,0.093,2015-16,
8850,Gary Neal,WAS,31,193.04,95.25432,Towson,USA,Undrafted,Undrafted,Undrafted,40,9.8,2.1,1.2,-9,0.015,0.108,0.211,0.558,0.099,2015-16,
8851,George Hill,IND,30,190.5,85.275296,Indiana Purdue-Indianapolis,USA,2008,1,26,74,12.1,4,3.5,2.5,0.026,0.105,0.16,0.555,0.157,2015-16,
8852,Gerald Green,MIA,30,200.66,92.98636,None,USA,2005,1,18,69,8.9,2.4,0.8,1.3,0.019,0.096,0.198,0.491,0.057,2015-16,
8853,Gerald Henderson,POR,28,195.58,97.52228,Duke,USA,2009,1,12,72,8.7,2.9,1,1.6,0.023,0.137,0.203,0.526,0.084,2015-16,
8854,Giannis Antetokounmpo,MIL,21,210.82,100.697424,None,Greece,2013,1,15,80,16.9,7.7,4.3,-2.6,0.047,0.202,0.223,0.566,0.195,2015-16,
8855,Glenn Robinson III,IND,22,200.66,100.697424,Michigan,USA,2014,2,40,45,3.8,1.5,0.6,-4.4,0.025,0.118,0.161,0.508,0.077,2015-16,
8856,Goran Dragic,MIA,30,190.5,86.18248,None,Slovenia,2008,2,45,72,14.1,3.8,5.8,4.1,0.026,0.101,0.215,0.537,0.276,2015-16,
8857,Gordon Hayward,UTA,26,203.2,102.511792,Butler,USA,2010,1,9,80,19.7,5,3.7,1,0.025,0.135,0.256,0.559,0.181,2015-16,
8858,Gorgui Dieng,MIN,26,210.82,109.315672,Louisville,Senegal,2013,1,21,82,10.1,7.1,1.7,0.8,0.086,0.222,0.169,0.601,0.099,2015-16,
8859,Greg Monroe,MIL,26,210.82,120.20188,Georgetown,USA,2010,1,7,79,15.3,8.8,2.3,-2.7,0.109,0.239,0.234,0.562,0.128,2015-16,
8860,Greg Smith,MIN,25,208.28,113.398,Fresno State,USA,Undrafted,Undrafted,Undrafted,18,2.4,2.3,0.3,-17.8,0.069,0.186,0.108,0.545,0.049,2015-16,
8861,Greivis Vasquez,MIL,29,198.12,98.429464,Maryland,Venezuela,2010,1,28,23,5.7,2,4,-8.9,0.012,0.105,0.189,0.435,0.32,2015-16,
8862,Elton Brand,PHI,37,205.74,115.212368,Duke,USA,1999,1,1,17,4.1,3.7,1.1,-5.6,0.036,0.245,0.174,0.461,0.142,2015-16,
8863,Elliot Williams,CHA,27,196,86,Memphis,USA,2010,1,22,5,1.6,0.8,0.8,-0.6,0.026,0.079,0.137,0.34,0.143,2015-16,
8864,Elijah Millsap,UTA,28,198.12,102.0582,Alabama-Birmingham,USA,Undrafted,Undrafted,Undrafted,20,1.8,1.8,1,6.6,0.038,0.179,0.146,0.384,0.164,2015-16,
8865,Elfrid Payton,ORL,22,193.04,83.91452,Louisiana-Lafayette,USA,2014,1,10,73,10.7,3.6,6.4,-2.1,0.038,0.096,0.201,0.478,0.317,2015-16,
8866,DeMarcus Cousins,SAC,25,210.82,122.46984,Kentucky,USA,2010,1,5,65,26.9,11.5,3.3,0,0.078,0.274,0.352,0.538,0.167,2015-16,T
8867,DeMarre Carroll,TOR,29,203.2,96.161504,Missouri,USA,2009,1,27,26,11,4.7,1,2.7,0.043,0.134,0.179,0.49,0.056,2015-16,
8868,Delon Wright,TOR,24,195.58,86.18248,Utah,USA,2015,1,20,27,3.8,1.4,1.1,5.2,0.04,0.136,0.226,0.54,0.226,2015-16,
8869,Dennis Schroder,ATL,22,185.42,78.017824,None,Germany,2013,1,17,80,11,2.6,4.4,7.8,0.018,0.123,0.293,0.51,0.368,2015-16,
8870,Deron Williams,DAL,32,190.5,90.7184,Illinois,USA,2005,1,3,65,14.1,2.9,5.8,0.4,0.01,0.088,0.221,0.53,0.295,2015-16,
8871,Derrick Favors,UTA,24,208.28,120.20188,Georgia Tech,USA,2010,1,3,62,16.4,8.1,1.5,1.1,0.102,0.2,0.239,0.551,0.086,2015-16,
8872,Derrick Rose,CHI,27,190.5,86.18248,Memphis,USA,2008,1,1,66,16.4,3.4,4.7,-4.2,0.023,0.086,0.27,0.479,0.25,2015-16,
8873,Derrick Williams,NYK,25,203.2,108.86208,Arizona,USA,2011,1,2,80,9.3,3.7,0.9,-7.5,0.035,0.191,0.234,0.55,0.096,2015-16,
8874,Devin Booker,PHX,19,198.12,93.439952,Kentucky,USA,2015,1,13,76,13.8,2.5,2.6,-9.6,0.014,0.083,0.231,0.535,0.162,2015-16,
8875,Devin Harris,DAL,33,190.5,83.91452,Wisconsin,USA,2004,1,5,64,7.6,2.2,1.8,-1.6,0.015,0.102,0.175,0.559,0.149,2015-16,
8876,Devyn Marble,ORL,23,198.12,90.7184,Iowa,USA,2014,2,56,28,2.1,1.4,0.4,-4.2,0.023,0.134,0.155,0.368,0.072,2015-16,
8877,Dewayne Dedmon,ORL,26,213.36,111.13004,Southern California,USA,Undrafted,Undrafted,Undrafted,58,4.4,3.9,0.2,-2.7,0.108,0.25,0.152,0.606,0.029,2015-16,
8878,Harrison Barnes,GSW,24,203.2,102.0582,North Carolina,USA,2012,1,7,66,11.7,4.9,1.8,10.5,0.043,0.127,0.159,0.559,0.077,2015-16,
8879,Dion Waiters,OKC,24,193.04,99.79024,Syracuse,USA,2012,1,4,78,9.8,2.6,2,3.7,0.019,0.082,0.176,0.492,0.103,2015-16,
8880,Donald Sloan,BKN,28,190.5,92.98636,Texas A&M,USA,Undrafted,Undrafted,Undrafted,61,7,2.8,4.4,-5.1,0.015,0.131,0.165,0.536,0.293,2015-16,
8881,Donatas Motiejunas,HOU,25,213.36,100.697424,None,Lithuania,2011,1,20,37,6.2,2.9,1.1,4.6,0.077,0.14,0.217,0.504,0.116,2015-16,
8882,Doug McDermott,CHI,24,203.2,102.0582,Creighton,USA,2014,1,11,81,9.4,2.4,0.7,-3.7,0.021,0.09,0.171,0.561,0.049,2015-16,
8883,Draymond Green,GSW,26,200.66,104.32616,Michigan State,USA,2012,2,35,81,14,9.5,7.4,18.9,0.056,0.222,0.186,0.587,0.277,2015-16,T
8884,Drew Gooden,WAS,34,208.28,113.398,Kansas,USA,2002,1,4,30,2.7,2.8,0.4,-12,0.093,0.234,0.174,0.376,0.066,2015-16,
8885,Duje Dukan,SAC,24,205.74,99.79024,Wisconsin,Croatia,Undrafted,Undrafted,Undrafted,1,6,4,1,-18.1,0.063,0.08,0.16,0.3,0.067,2015-16,
8886,Dwight Howard,HOU,30,210.82,120.20188,None,USA,2004,1,1,71,13.7,11.8,1.4,0.2,0.117,0.293,0.187,0.604,0.071,2015-16,
8887,Dwight Powell,DAL,24,210.82,108.86208,Stanford,Canada,2014,2,45,69,5.8,4,0.6,-1,0.091,0.214,0.182,0.557,0.077,2015-16,
8888,Dwyane Wade,MIA,34,193.04,99.79024,Marquette,USA,2003,1,5,74,19,4.1,4.6,1,0.042,0.108,0.315,0.517,0.267,2015-16,T
8889,E'Twaun Moore,CHI,27,193.04,86.636072,Purdue,USA,2011,2,55,59,7.5,2.3,1.7,-1,0.017,0.092,0.16,0.548,0.118,2015-16,
8890,Ed Davis,POR,27,208.28,108.86208,North Carolina,USA,2010,1,13,81,6.5,7.4,1.1,1.4,0.142,0.239,0.128,0.616,0.078,2015-16,
8891,Edy Tavares,ATL,24,220.98,117.93392,None,Cabo Verde,2014,2,43,11,2.3,1.9,0.3,-3.1,0.132,0.222,0.168,0.555,0.055,2015-16,
8892,Dirk Nowitzki,DAL,38,213.36,111.13004,None,Germany,1998,1,9,75,18.3,6.5,1.8,3.6,0.025,0.202,0.255,0.555,0.096,2015-16,
8893,Hassan Whiteside,MIA,27,213.36,120.20188,Marshall,USA,2010,2,33,73,14.2,11.8,0.4,3,0.13,0.316,0.205,0.629,0.022,2015-16,
8894,Henry Sims,BKN,26,208.28,112.490816,Georgetown,USA,Undrafted,Undrafted,Undrafted,14,6.5,5.1,0.6,-16.8,0.084,0.23,0.17,0.504,0.054,2015-16,
8895,Hollis Thompson,PHI,25,203.2,93.439952,Georgetown,USA,Undrafted,Undrafted,Undrafted,77,9.8,3.5,1.3,-8.4,0.026,0.113,0.161,0.525,0.072,2015-16,
8896,Jarell Martin,MEM,22,208.28,108.408488,Louisiana State,USA,2015,1,25,27,5.7,3.2,0.6,-5.8,0.1,0.15,0.182,0.534,0.065,2015-16,
8897,Jarnell Stokes,MEM,22,205.74,119.294696,Tennessee,USA,2014,2,35,7,1,0.6,0.1,20.3,0.071,0.176,0.141,0.595,0.083,2015-16,
8898,Jarrett Jack,BKN,32,190.5,90.7184,Georgia Tech,USA,2005,1,22,32,12.8,4.3,7.4,-5.8,0.009,0.138,0.213,0.505,0.34,2015-16,
8899,Jason Smith,ORL,30,213.36,108.86208,Colorado State,USA,2007,1,20,76,7.2,2.9,0.8,-1.9,0.051,0.163,0.224,0.513,0.087,2015-16,
8900,Jason Terry,HOU,38,187.96,83.91452,Arizona,USA,1999,1,10,72,5.9,1.1,1.4,-0.3,0.012,0.058,0.15,0.54,0.125,2015-16,
8901,Jason Thompson,TOR,29,210.82,113.398,Rider,USA,2008,1,12,47,3.1,2.9,0.6,1.2,0.075,0.234,0.14,0.558,0.094,2015-16,
8902,Jeff Ayres,LAC,29,205.74,113.398,Arizona State,USA,2009,2,31,17,1.8,1.3,0.3,-18.2,0.042,0.17,0.142,0.585,0.078,2015-16,
8903,Jeff Green,LAC,29,205.74,106.59412,Georgetown,USA,2007,1,5,80,11.7,4.2,1.7,-0.1,0.038,0.132,0.207,0.51,0.102,2015-16,
8904,Jeff Teague,ATL,28,187.96,84.368112,Wake Forest,USA,2009,1,19,79,15.7,2.7,5.9,1.5,0.016,0.083,0.263,0.551,0.341,2015-16,
8905,Jeff Withey,UTA,26,213.36,104.779752,Kansas,USA,2013,2,39,51,4.3,3.4,0.4,4.4,0.102,0.209,0.153,0.577,0.051,2015-16,
8906,Jerami Grant,PHI,22,203.2,95.25432,Syracuse,USA,2014,2,39,77,9.7,4.7,1.8,-9.1,0.051,0.139,0.183,0.506,0.106,2015-16,
8907,Jeremy Evans,DAL,28,205.74,90.7184,Western Kentucky,USA,2010,2,55,30,2.4,1.8,0.1,-4.5,0.047,0.167,0.116,0.62,0.013,2015-16,
8908,Jarell Eddie,WAS,24,200.66,98.883056,Virginia Tech,USA,Undrafted,Undrafted,Undrafted,26,2.4,0.9,0.2,-10.9,0.013,0.15,0.201,0.46,0.058,2015-16,
8909,Jeremy Lamb,CHA,24,195.58,83.91452,Connecticut,USA,2012,1,12,66,8.8,3.8,1.2,5.9,0.039,0.18,0.219,0.529,0.111,2015-16,
8910,Jerian Grant,NYK,23,193.04,88.45044,Notre Dame,USA,2015,1,19,76,5.6,1.9,2.3,-6.4,0.02,0.105,0.189,0.479,0.236,2015-16,
8911,Jerryd Bayless,MIL,27,190.5,90.7184,Arizona,USA,2008,1,11,52,10.4,2.7,3.1,-4.9,0.016,0.092,0.167,0.568,0.168,2015-16,
8912,Jimmer Fredette,SAS,27,187.96,88.45044,Brigham Young,USA,2011,1,10,6,1.5,0,0.2,-71.1,0,0,0.242,0.625,0.5,2015-16,
8913,Jimmy Butler,CHI,26,200.66,99.79024,Marquette,USA,2011,1,30,67,20.9,5.3,4.8,-0.8,0.035,0.116,0.245,0.562,0.218,2015-16,T
8914,Joakim Noah,CHI,31,210.82,105.233344,Florida,USA,2007,1,9,29,4.3,8.8,3.8,-0.2,0.14,0.266,0.139,0.406,0.256,2015-16,
8915,Jodie Meeks,DET,28,193.04,95.25432,Kentucky,USA,2009,2,41,3,7.3,1.7,1,12.4,0.026,0.103,0.243,0.506,0.143,2015-16,
8916,Joe Harris,CLE,24,198.12,99.336648,Virginia,USA,2014,2,33,5,0.6,0.6,0.4,-55.2,0,0.375,0.142,0.375,0.182,2015-16,
8917,Joe Ingles,UTA,28,203.2,102.511792,None,Australia,Undrafted,Undrafted,Undrafted,81,4.2,1.9,1.2,-2.1,0.017,0.124,0.133,0.572,0.125,2015-16,
8918,Joe Johnson,MIA,35,200.66,108.86208,Arkansas,USA,2001,1,10,81,12.2,3.6,3.9,-1.1,0.021,0.101,0.18,0.538,0.172,2015-16,
8919,Joe Young,IND,24,187.96,81.64656,Oregon,USA,2015,2,43,41,3.8,1.2,1.6,-5.1,0.017,0.123,0.24,0.428,0.261,2015-16,
8920,Joel Anthony,DET,33,205.74,111.13004,Nevada-Las Vegas,Canada,Undrafted,Undrafted,Undrafted,19,0.9,1.1,0.1,-7,0.093,0.151,0.074,0.666,0.02,2015-16,
8921,Zach Randolph,MEM,34,205.74,117.93392,Michigan State,USA,2001,1,19,68,15.3,7.8,2.1,-2,0.1,0.21,0.247,0.519,0.125,2015-16,
8922,Jeremy Lin,CHA,27,190.5,90.7184,Harvard,USA,Undrafted,Undrafted,Undrafted,78,11.7,3.2,3,2.7,0.022,0.111,0.22,0.534,0.192,2015-16,
8923,DeMar DeRozan,TOR,26,200.66,99.79024,Southern California,USA,2009,1,9,78,23.5,4.5,4,3,0.027,0.116,0.297,0.55,0.208,2015-16,T
8924,Jared Sullinger,BOS,24,205.74,117.93392,Ohio State,USA,2012,1,21,81,10.3,8.3,2.3,4.3,0.106,0.271,0.218,0.476,0.148,2015-16,
8925,Jared Cunningham,CLE,25,193.04,88.45044,Oregon State,USA,2012,1,24,44,2.7,0.9,0.5,-3.3,0.009,0.102,0.169,0.464,0.074,2015-16,
8926,Ian Clark,GSW,25,190.5,79.3786,Belmont,USA,Undrafted,Undrafted,Undrafted,66,3.6,1,1,-5.2,0.026,0.101,0.201,0.544,0.171,2015-16,
8927,Ian Mahinmi,IND,29,210.82,113.398,None,France,2005,1,28,71,9.3,7.1,1.5,4.3,0.084,0.221,0.158,0.603,0.09,2015-16,
8928,Iman Shumpert,CLE,26,195.58,99.79024,Georgia Tech,USA,2011,1,17,54,5.8,3.8,1.7,7.8,0.028,0.143,0.133,0.475,0.1,2015-16,
8929,Isaiah Canaan,PHI,25,182.88,91.171992,Murray State,USA,2013,2,34,77,11,2.3,1.8,-12.6,0.01,0.09,0.198,0.528,0.12,2015-16,
8930,Isaiah Thomas,BOS,27,175.26,83.91452,Washington,USA,2011,2,60,82,22.2,3,6.2,3.7,0.018,0.08,0.293,0.562,0.312,2015-16,T
8931,Ish Smith,PHI,27,182.88,79.3786,Wake Forest,USA,Undrafted,Undrafted,Undrafted,77,12.6,4,6.5,-7.5,0.02,0.127,0.238,0.465,0.37,2015-16,
8932,J.J. Barea,DAL,32,182.88,83.91452,Northeastern,Puerto Rico,Undrafted,Undrafted,Undrafted,74,10.9,2.1,4.1,-1.8,0.017,0.085,0.235,0.536,0.301,2015-16,
8933,JJ Hickson,WAS,27,205.74,109.769264,North Carolina State,USA,2008,1,19,35,5.9,3.8,0.7,-7.4,0.095,0.226,0.222,0.514,0.091,2015-16,
8934,JJ O'Brien,UTA,24,200.66,99.79024,San Diego State,USA,Undrafted,Undrafted,Undrafted,2,0,0.5,0,-48.1,0,0.25,0.077,0,0,2015-16,
8935,JJ Redick,LAC,32,193.04,86.18248,Duke,USA,2006,1,11,75,16.3,1.9,1.4,12.1,0.005,0.065,0.224,0.632,0.08,2015-16,
8936,JR Smith,CLE,30,198.12,102.0582,None,USA,2004,1,18,77,12.4,2.8,1.7,6.1,0.02,0.084,0.178,0.542,0.082,2015-16,
8937,JaKarr Sampson,DEN,23,205.74,97.068688,St. John's (NY),USA,Undrafted,Undrafted,Undrafted,73,5.1,2.6,0.6,-6.5,0.042,0.134,0.168,0.504,0.062,2015-16,
8938,Jared Dudley,WAS,30,200.66,102.0582,Boston College,USA,2007,1,22,81,7.9,3.5,2.1,1.1,0.029,0.128,0.129,0.602,0.112,2015-16,
8939,JaMychal Green,MEM,26,205.74,102.965384,Alabama,USA,Undrafted,Undrafted,Undrafted,78,7.4,4.8,0.9,-1.9,0.103,0.197,0.193,0.52,0.074,2015-16,
8940,Jabari Parker,MIL,21,203.2,113.398,Duke,USA,2014,1,2,76,14.1,5.2,1.7,-3.4,0.059,0.127,0.208,0.535,0.086,2015-16,
8941,Jae Crowder,BOS,25,198.12,106.59412,Marquette,USA,2012,2,34,73,14.2,5.1,1.8,4.5,0.031,0.141,0.184,0.565,0.087,2015-16,
8942,Jahlil Okafor,PHI,20,210.82,124.7378,Duke,USA,2015,1,3,53,17.5,7,1.2,-16.6,0.084,0.178,0.278,0.536,0.088,2015-16,
8943,Jamal Crawford,LAC,36,195.58,88.45044,Michigan,USA,2000,1,8,79,14.2,1.8,2.3,2.3,0.01,0.066,0.246,0.529,0.145,2015-16,
8944,Jameer Nelson,DEN,34,182.88,86.18248,Saint Joseph's,USA,2004,1,20,39,7.7,2.9,4.9,-7,0.019,0.109,0.166,0.464,0.287,2015-16,
8945,James Anderson,SAC,27,198.12,96.615096,Oklahoma State,USA,2010,1,20,51,3.5,1.7,0.8,-3.2,0.019,0.104,0.137,0.469,0.078,2015-16,
8946,James Ennis III,NOP,25,200.66,95.25432,Long Beach State,USA,2013,2,50,22,7.2,1.9,1,-6.4,0.074,0.078,0.2,0.621,0.104,2015-16,
8947,James Harden,HOU,26,195.58,99.79024,Arizona State,USA,2009,1,3,82,29,6.1,7.5,1.2,0.022,0.157,0.325,0.598,0.354,2015-16,T
8948,James Johnson,TOR,29,205.74,113.398,Wake Forest,USA,2009,1,16,57,5,2.2,1.2,-0.6,0.035,0.121,0.16,0.532,0.113,2015-16,
8949,James Jones,CLE,35,203.2,98.883056,Miami (FL),USA,2003,2,49,48,3.7,1,0.3,-4.8,0.018,0.099,0.163,0.58,0.054,2015-16,
8950,James Michael McAdoo,GSW,23,205.74,108.86208,North Carolina,USA,Undrafted,Undrafted,Undrafted,41,2.9,1.4,0.4,-15.9,0.12,0.131,0.201,0.554,0.11,2015-16,
8951,James Young,BOS,20,198.12,97.52228,Kentucky,USA,2014,1,17,29,1,0.9,0.3,-6.1,0.021,0.129,0.095,0.384,0.063,2015-16,
8952,JaVale McGee,DAL,28,213.36,122.46984,Nevada,USA,2008,1,18,34,5.1,3.9,0.1,-6.6,0.148,0.231,0.212,0.574,0.015,2015-16,
8953,DeJuan Blair,WAS,27,200.66,122.46984,Pittsburgh,USA,2009,2,37,29,2.1,2,0.4,-11.4,0.097,0.203,0.172,0.414,0.077,2015-16,
8954,DeAndre Jordan,LAC,27,210.82,120.20188,Texas A&M,USA,2008,2,35,77,12.7,13.8,1.2,10.2,0.115,0.321,0.154,0.628,0.051,2015-16,
8955,David West,SAS,35,205.74,113.398,Xavier,USA,2003,1,18,78,7.1,4,1.8,11.8,0.061,0.187,0.179,0.573,0.15,2015-16,
8956,Andre Drummond,DET,22,210.82,126.552168,Connecticut,USA,2012,1,9,81,16.2,14.8,0.8,2,0.153,0.343,0.24,0.499,0.042,2015-16,T
8957,Andre Iguodala,GSW,32,198.12,97.52228,Arizona,USA,2004,1,9,65,7,4,3.4,14.4,0.034,0.127,0.12,0.565,0.165,2015-16,
8958,Andre Miller,SAS,40,190.5,90.7184,Utah,USA,1999,1,8,39,3.7,1.3,2.2,5.1,0.036,0.101,0.162,0.6,0.276,2015-16,
8959,Andre Roberson,OKC,24,200.66,95.25432,Colorado,USA,2013,1,26,70,4.8,3.6,0.7,9.4,0.06,0.113,0.093,0.566,0.039,2015-16,
8960,Andrea Bargnani,BKN,30,213.36,111.13004,None,Italy,2006,1,1,46,6.6,2.1,0.4,-15.7,0.047,0.135,0.234,0.5,0.051,2015-16,
8961,Andrew Bogut,GSW,31,213.36,117.93392,Utah,Australia,2005,1,1,70,5.4,7,2.3,14.2,0.094,0.252,0.116,0.623,0.145,2015-16,
8962,Andrew Goudelock,HOU,27,190.5,90.7184,College of Charleston,USA,2011,2,46,8,2.8,0.3,0.5,13.6,0.024,0.015,0.243,0.506,0.118,2015-16,
8963,Andrew Nicholson,ORL,26,205.74,113.398,St. Bonaventure,Canada,2012,1,19,56,6.9,3.6,0.4,1.2,0.045,0.216,0.209,0.567,0.05,2015-16,
8964,Andrew Wiggins,MIN,21,203.2,90.264808,Kansas,Canada,2014,1,1,81,20.7,3.6,2,-1,0.043,0.074,0.269,0.543,0.098,2015-16,
8965,Anthony Bennett,TOR,23,203.2,111.13004,Nevada-Las Vegas,Canada,2013,1,1,19,1.5,1.2,0,-12.5,0.064,0.293,0.181,0.446,0,2015-16,
8966,Anthony Brown,LAL,23,200.66,95.25432,Stanford,USA,2015,2,34,29,4,2.4,0.7,-4.3,0.015,0.116,0.11,0.427,0.048,2015-16,
8967,Anthony Davis,NOP,23,208.28,114.758776,Kentucky,USA,2012,1,1,61,24.3,10.3,1.9,-4.7,0.064,0.262,0.296,0.559,0.1,2015-16,T
8968,Anderson Varejao,GSW,33,210.82,123.830616,None,Brazil,2004,2,30,53,2.6,2.7,0.7,-0.5,0.079,0.23,0.147,0.473,0.102,2015-16,
8969,Anthony Morrow,OKC,30,195.58,95.25432,Georgia Tech,USA,Undrafted,Undrafted,Undrafted,68,5.6,0.9,0.4,4,0.013,0.06,0.171,0.543,0.037,2015-16,
8970,Archie Goodwin,PHX,21,195.58,90.7184,Kentucky,USA,2013,1,29,57,8.9,2.5,2.1,-11,0.026,0.114,0.231,0.498,0.174,2015-16,
8971,Aron Baynes,DET,29,208.28,117.93392,Washington State,Australia,Undrafted,Undrafted,Undrafted,81,6.3,4.7,0.6,-4.7,0.122,0.223,0.187,0.563,0.07,2015-16,
8972,Arron Afflalo,NYK,30,195.58,95.25432,UCLA,USA,2007,1,27,71,12.8,3.7,2,-3.2,0.011,0.109,0.181,0.531,0.097,2015-16,
8973,Austin Rivers,LAC,23,193.04,90.7184,Duke,USA,2012,1,10,67,8.9,1.9,1.5,-2.1,0.016,0.08,0.195,0.523,0.116,2015-16,
8974,Avery Bradley,BOS,25,187.96,81.64656,Texas,USA,2010,1,19,76,15.2,2.9,2.1,4.2,0.02,0.073,0.2,0.538,0.095,2015-16,
8975,Axel Toupane,DEN,23,200.66,95.25432,None,France,Undrafted,Undrafted,Undrafted,21,3.6,1.5,0.7,-2.1,0.032,0.087,0.125,0.49,0.068,2015-16,
8976,Ben McLemore,SAC,23,195.58,88.45044,Kansas,USA,2013,1,7,68,7.8,2.2,1.2,-0.6,0.026,0.083,0.174,0.531,0.076,2015-16,
8977,Beno Udrih,MEM,33,190.5,92.98636,None,Slovenia,2004,1,28,44,4.7,1.6,2.6,-1.3,0.013,0.101,0.172,0.496,0.256,2015-16,
8978,Bismack Biyombo,TOR,23,205.74,111.13004,None,Democratic Republic of the Congo,2011,1,7,82,5.5,8,0.4,3.8,0.115,0.281,0.117,0.586,0.025,2015-16,
8979,Blake Griffin,LAC,27,208.28,113.851592,Oklahoma,USA,2009,1,1,35,21.4,8.4,4.9,7.9,0.048,0.221,0.292,0.544,0.258,2015-16,
8980,Boban Marjanovic,SAS,27,220.98,131.54168,None,Serbia,Undrafted,Undrafted,Undrafted,54,5.5,3.6,0.4,6.6,0.166,0.275,0.229,0.662,0.072,2015-16,
8981,Bobby Portis,CHI,21,210.82,104.32616,Arkansas,USA,2015,1,22,62,7,5.4,0.8,-7.9,0.114,0.21,0.207,0.469,0.076,2015-16,
8982,Anthony Tolliver,DET,31,203.2,108.86208,Creighton,USA,Undrafted,Undrafted,Undrafted,72,5.3,3.2,0.7,-0.7,0.03,0.159,0.126,0.543,0.058,2015-16,
8983,Bojan Bogdanovic,BKN,27,203.2,97.975872,None,Croatia,2011,2,31,79,11.2,3.2,1.3,-8.8,0.019,0.118,0.194,0.55,0.073,2015-16,
8984,Amir Johnson,BOS,29,205.74,108.86208,None,USA,2005,2,56,79,7.3,6.4,1.7,4.6,0.104,0.194,0.137,0.602,0.11,2015-16,
8985,Alonzo Gee,NOP,29,198.12,102.0582,Alabama,USA,Undrafted,Undrafted,Undrafted,73,4.5,3.4,1,-4,0.039,0.126,0.092,0.572,0.063,2015-16,
8986,Jordan Hamilton,NOP,25,200.66,99.79024,Texas,USA,2011,1,26,11,11.4,5.6,2.3,-11.2,0.043,0.194,0.208,0.499,0.128,2015-16,
8987,Jordan Farmar,MEM,29,187.96,81.64656,UCLA,USA,2006,1,26,12,9.2,2.1,3.1,-13.6,0.014,0.097,0.182,0.527,0.198,2015-16,
8988,Jordan Clarkson,LAL,24,195.58,87.996848,Missouri,USA,2014,2,46,79,15.5,4,2.4,-13.1,0.037,0.096,0.228,0.516,0.139,2015-16,
8989,Jordan Adams,MEM,21,195.58,94.800728,UCLA,USA,2014,1,22,2,3.5,1,1.5,5.3,0,0.182,0.286,0.427,0.273,2015-16,
8990,Jonathon Simmons,SAS,26,198.12,88.45044,Houston,USA,Undrafted,Undrafted,Undrafted,55,6,1.7,1.1,7.2,0.025,0.109,0.19,0.586,0.108,2015-16,
8991,Jonas Valanciunas,TOR,24,213.36,115.66596,None,Lithuania,2011,1,5,60,12.8,9.1,0.7,3,0.142,0.273,0.207,0.61,0.045,2015-16,
8992,Jonas Jerebko,BOS,29,208.28,104.779752,None,Sweden,2009,2,39,78,4.4,3.7,0.8,2.9,0.07,0.199,0.136,0.531,0.078,2015-16,
8993,Jon Leuer,PHX,27,208.28,103.418976,Wisconsin,USA,2011,2,40,67,8.5,5.6,1.1,-3,0.065,0.259,0.199,0.555,0.09,2015-16,
8994,Johnny O'Bryant III,MIL,23,205.74,116.573144,Louisiana State,USA,2014,2,36,66,3,2.7,0.5,-5.7,0.09,0.15,0.138,0.441,0.057,2015-16,
8995,John Wall,WAS,25,193.04,88.45044,Kentucky,USA,2010,1,1,77,19.9,4.9,10.2,0.7,0.017,0.138,0.284,0.51,0.449,2015-16,T
8996,John Jenkins,PHX,25,193.04,97.52228,Vanderbilt,USA,2012,1,23,43,4.1,1.3,0.8,-6.6,0.017,0.102,0.174,0.522,0.111,2015-16,
8997,John Henson,MIL,25,210.82,103.872568,North Carolina,USA,2012,1,14,57,7,3.9,0.9,-4.8,0.105,0.152,0.192,0.58,0.096,2015-16,
8998,Amar'e Stoudemire,MIA,33,208.28,111.13004,None,USA,2002,1,9,52,5.8,4.3,0.5,1.8,0.101,0.229,0.18,0.599,0.054,2015-16,
8999,Joffrey Lauvergne,DEN,24,210.82,99.79024,None,France,2013,2,55,59,7.9,4.9,0.9,-9.7,0.083,0.232,0.199,0.567,0.093,2015-16,
9000,Aaron Harrison,CHA,21,198.12,95.25432,Kentucky,USA,Undrafted,Undrafted,Undrafted,21,0.9,0.7,0.1,2.2,0.047,0.133,0.138,0.371,0.033,2015-16,
9001,Adreian Payne,MIN,25,208.28,107.501304,Michigan State,USA,2014,1,15,52,2.5,2.1,0.6,-10.8,0.049,0.22,0.18,0.422,0.093,2015-16,
9002,Al Horford,ATL,30,208.28,111.13004,Florida,Dominican Republic,2007,1,3,82,15.2,7.3,3.2,4.9,0.062,0.18,0.206,0.565,0.165,2015-16,T
9003,Al Jefferson,CHA,31,208.28,131.088088,None,USA,2004,1,15,47,12,6.4,1.5,3.7,0.056,0.244,0.245,0.507,0.114,2015-16,
9004,Al-Farouq Aminu,POR,25,205.74,97.52228,Wake Forest,USA,2010,1,8,82,10.2,6.1,1.7,1.5,0.045,0.185,0.169,0.533,0.087,2015-16,
9005,Alan Anderson,WAS,33,198.12,99.79024,Michigan State,USA,Undrafted,Undrafted,Undrafted,13,5,2.1,1.1,5.4,0.006,0.149,0.157,0.495,0.112,2015-16,
9006,Alan Williams,PHX,23,203.2,117.93392,California-Santa Barbara,USA,Undrafted,Undrafted,Undrafted,10,2.9,3.8,0.5,-0.2,0.184,0.387,0.201,0.481,0.096,2015-16,
9007,Alec Burks,UTA,24,198.12,97.068688,Colorado,USA,2011,1,12,31,13.3,3.5,2,-2,0.023,0.139,0.251,0.52,0.14,2015-16,
9008,Alex Len,PHX,23,215.9,117.93392,Maryland,Ukraine,2013,1,5,78,9,7.6,1.2,-7.8,0.103,0.248,0.204,0.482,0.087,2015-16,
9009,Alex Stepheson,MEM,28,208.28,122.46984,USC,USA,Undrafted,Undrafted,Undrafted,8,2.8,3.5,0.3,-3.8,0.202,0.122,0.17,0.341,0.053,2015-16,
9010,Alexis Ajinca,NOP,28,218.44,112.490816,None,France,2008,1,20,59,6,4.6,0.5,-3,0.094,0.257,0.206,0.514,0.059,2015-16,
9011,Allen Crabbe,POR,24,198.12,95.25432,California,USA,2013,2,31,81,10.3,2.7,1.2,0.1,0.014,0.097,0.163,0.572,0.072,2015-16,
9012,Aaron Gordon,ORL,20,205.74,99.79024,Arizona,USA,2014,1,4,78,9.2,6.5,1.6,-1.3,0.089,0.21,0.171,0.541,0.103,2015-16,
9013,Jordan McRae,CLE,25,195.58,81.192968,Tennessee,USA,2014,2,58,22,4.5,0.9,1.1,10.6,0.024,0.082,0.253,0.548,0.216,2015-16,
9014,Boris Diaw,SAS,34,203.2,113.398,None,France,2003,1,21,76,6.4,3.1,2.3,10.8,0.049,0.139,0.168,0.582,0.182,2015-16,
9015,Brandan Wright,MEM,28,208.28,95.25432,North Carolina,USA,2007,1,8,12,6.9,3.6,0.5,-13.1,0.073,0.148,0.156,0.663,0.05,2015-16,
9016,Christian Wood,PHI,20,210.82,99.79024,Nevada-Las Vegas,USA,Undrafted,Undrafted,Undrafted,17,3.6,2.2,0.2,-13.5,0.082,0.192,0.187,0.49,0.035,2015-16,
9017,Chuck Hayes,LAC,33,198.12,108.86208,Kentucky,USA,Undrafted,Undrafted,Undrafted,2,2,4,1,-2,0,0.286,0.112,0.694,0.133,2015-16,
9018,Cleanthony Early,NYK,25,203.2,95.25432,Wichita State,USA,2014,2,34,17,1.8,1.5,0.4,0.4,0.028,0.146,0.148,0.371,0.058,2015-16,
9019,Cliff Alexander,POR,20,203.2,108.86208,Kansas,USA,Undrafted,Undrafted,Undrafted,8,1.3,0.8,0,-15.1,0.087,0.118,0.151,0.5,0,2015-16,
9020,Clint Capela,HOU,22,208.28,108.86208,None,Switzerland,2014,1,25,77,7,6.4,0.6,3.1,0.141,0.225,0.159,0.553,0.05,2015-16,
9021,Cody Zeller,CHA,23,213.36,108.86208,Indiana,USA,2013,1,4,73,8.7,6.2,1,4.4,0.086,0.201,0.154,0.592,0.061,2015-16,
9022,Cole Aldrich,LAC,27,210.82,113.398,Kansas,USA,2010,1,11,60,5.5,4.8,0.8,1,0.122,0.284,0.19,0.626,0.107,2015-16,
9023,Corey Brewer,HOU,30,205.74,84.368112,Florida,USA,2007,1,7,82,7.2,2.4,1.3,-2.2,0.027,0.102,0.176,0.481,0.102,2015-16,
9024,Cory Jefferson,PHX,25,205.74,98.883056,Baylor,USA,2014,2,60,8,2.8,2,0,-10.2,0.122,0.196,0.209,0.446,0,2015-16,
9025,Cory Joseph,TOR,24,190.5,86.18248,Texas,Canada,2011,1,29,80,8.5,2.6,3.1,6.9,0.021,0.092,0.17,0.512,0.199,2015-16,
9026,Coty Clarke,BOS,23,200.66,102.0582,None,USA,Undrafted,Undrafted,Undrafted,3,2,0.3,0,24.4,0,0.333,0.363,0.75,0,2015-16,
9027,Courtney Lee,CHA,30,195.58,90.7184,Western Kentucky,USA,2008,1,22,79,9.6,2.6,1.7,2.9,0.014,0.087,0.15,0.551,0.088,2015-16,
9028,Chris Paul,LAC,31,182.88,79.3786,Wake Forest,USA,2005,1,4,74,19.5,4.2,10,11.9,0.018,0.119,0.269,0.575,0.493,2015-16,T
9029,Cristiano Felicio,CHI,23,208.28,124.7378,None,Brazil,Undrafted,Undrafted,Undrafted,31,3.4,3.3,0.8,5.6,0.109,0.252,0.136,0.601,0.115,2015-16,
9030,D.J. Augustin,DEN,28,182.88,83.007336,Texas,USA,2008,1,9,62,7.5,1.5,3.2,-1.4,0.008,0.081,0.183,0.575,0.257,2015-16,
9031,Dahntay Jones,CLE,35,198.12,102.0582,Duke,USA,2003,1,20,1,13,5,2,-6.1,0.028,0.114,0.157,0.464,0.067,2015-16,
9032,Damian Lillard,POR,25,190.5,88.45044,Weber State,USA,2012,1,6,75,25.1,4,6.8,0.9,0.018,0.105,0.31,0.56,0.33,2015-16,
9033,Damien Inglis,MIL,21,203.2,111.583632,None,France,2014,2,31,20,1.8,1.6,0.5,-10,0.016,0.195,0.158,0.444,0.112,2015-16,
9034,Damjan Rudez,MIN,30,205.74,104.32616,None,Croatia,Undrafted,Undrafted,Undrafted,33,2.3,0.6,0.3,-2.1,0.022,0.065,0.126,0.572,0.058,2015-16,
9035,Danilo Gallinari,DEN,27,208.28,102.0582,None,Italy,2008,1,6,53,19.5,5.3,2.5,-3.5,0.03,0.143,0.228,0.582,0.122,2015-16,
9036,Danny Green,SAS,29,198.12,97.52228,North Carolina,USA,2009,2,46,79,7.2,3.8,1.8,12.7,0.026,0.134,0.145,0.492,0.092,2015-16,
9037,Dante Cunningham,NOP,29,203.2,104.32616,Villanova,USA,2009,2,33,80,6.1,3,1,-6.4,0.031,0.108,0.111,0.54,0.056,2015-16,
9038,Darrell Arthur,DEN,28,205.74,106.59412,Kansas,USA,2008,1,27,70,7.5,4.2,1.4,-2.1,0.062,0.151,0.168,0.514,0.102,2015-16,
9039,Darren Collison,SAC,28,182.88,79.3786,UCLA,USA,2009,1,21,74,14,2.3,4.3,-2.4,0.014,0.07,0.193,0.591,0.219,2015-16,
9040,Darrun Hilliard,DET,23,198.12,92.98636,Villanova,USA,2015,2,38,38,4,1.2,0.7,-0.1,0.014,0.115,0.198,0.511,0.117,2015-16,
9041,David Lee,DAL,33,205.74,111.13004,Florida,USA,2005,1,30,55,7.8,5.5,1.5,-3,0.122,0.247,0.215,0.568,0.162,2015-16,
9042,D'Angelo Russell,LAL,20,195.58,88.45044,Ohio State,USA,2015,1,2,80,13.2,3.4,3.3,-13,0.021,0.113,0.241,0.507,0.213,2015-16,
9043,Bradley Beal,WAS,23,195.58,93.893544,Florida,USA,2012,1,3,55,17.4,3.4,2.9,-1.6,0.027,0.099,0.25,0.547,0.153,2015-16,
9044,Chris McCullough,BKN,21,210.82,90.7184,Syracuse,USA,2015,1,29,24,4.7,2.8,0.4,-16.1,0.074,0.145,0.16,0.47,0.038,2015-16,
9045,Chris Johnson,UTA,26,198.12,93.439952,Dayton,USA,Undrafted,Undrafted,Undrafted,70,2.9,1.9,0.6,4.6,0.037,0.134,0.137,0.482,0.082,2015-16,
9046,Branden Dawson,LAC,23,198.12,102.0582,Michigan State,USA,2015,2,56,6,0.8,0.7,0,-24.6,0.111,0.067,0.092,0.46,0,2015-16,
9047,Brandon Bass,LAL,31,203.2,113.398,Louisiana State,USA,2005,2,33,66,7.2,4.3,1.1,-2.6,0.085,0.153,0.138,0.619,0.088,2015-16,
9048,Brandon Jennings,ORL,26,185.42,76.657048,None,USA,2009,1,10,48,6.9,2,3.5,0.4,0.02,0.103,0.198,0.491,0.298,2015-16,
9049,Brandon Knight,PHX,24,190.5,85.728888,Kentucky,USA,2011,1,8,52,19.6,3.9,5.1,-6.8,0.021,0.099,0.263,0.522,0.234,2015-16,
9050,Brandon Rush,GSW,30,198.12,99.79024,Kansas,USA,2008,1,13,72,4.2,2.5,0.8,0.2,0.023,0.154,0.128,0.56,0.072,2015-16,
9051,Briante Weber,MIA,23,187.96,74.84268,Virginia Commonwealth,USA,Undrafted,Undrafted,Undrafted,7,4.4,3.6,3,-22.5,0.04,0.127,0.118,0.38,0.175,2015-16,
9052,Brook Lopez,BKN,28,213.36,124.7378,Stanford,USA,2008,1,10,73,20.6,7.8,2,-3.7,0.094,0.167,0.276,0.562,0.106,2015-16,
9053,Bruno Caboclo,TOR,20,205.74,92.98636,None,Brazil,2014,1,20,6,0.5,0.3,0.2,-2.5,0.022,0.024,0.164,0.125,0.033,2015-16,
9054,Bryce Cotton,MEM,23,185.42,74.84268,Providence,USA,Undrafted,Undrafted,Undrafted,8,1,0,0.4,-31,0,0,0.179,0.4,0.136,2015-16,
9055,Bryce Dejean-Jones,NOP,23,198.12,92.079176,Iowa State,USA,Undrafted,Undrafted,Undrafted,14,5.6,3.4,1.1,-7,0.028,0.175,0.141,0.505,0.076,2015-16,
9056,C.J. Watson,ORL,32,187.96,79.3786,Tennessee,USA,Undrafted,Undrafted,Undrafted,33,4.3,2,2.7,-2.3,0.017,0.094,0.12,0.461,0.18,2015-16,
9057,CJ McCollum,POR,24,193.04,90.7184,Lehigh,USA,2013,1,10,80,20.8,3.2,4.3,2,0.018,0.084,0.27,0.544,0.211,2015-16,
9058,Chris Kaman,POR,34,213.36,120.20188,Central Michigan,USA,2003,1,6,16,2.8,1.5,0.7,-13.2,0.077,0.17,0.213,0.496,0.186,2015-16,
9059,CJ Miles,IND,29,198.12,104.779752,None,USA,2005,2,34,64,11.8,2.7,1,-0.5,0.019,0.112,0.225,0.547,0.069,2015-16,
9060,Cameron Bairstow,DET,25,205.74,113.398,New Mexico,Australia,2014,2,49,18,1.9,1.6,0.3,-7.1,0.038,0.235,0.198,0.391,0.091,2015-16,
9061,Cameron Payne,OKC,21,190.5,83.91452,Murray State,USA,2015,1,14,57,5,1.5,1.9,-2.8,0.014,0.121,0.206,0.49,0.241,2015-16,
9062,Carl Landry,PHI,32,205.74,112.490816,Purdue,USA,2007,2,31,36,9.8,4.1,0.9,-10.4,0.09,0.202,0.239,0.605,0.102,2015-16,
9063,Carmelo Anthony,NYK,32,203.2,108.86208,Syracuse,USA,2003,1,3,72,21.8,7.7,4.2,-0.7,0.043,0.195,0.295,0.53,0.209,2015-16,T
9064,Caron Butler,SAC,36,200.66,103.418976,Connecticut,USA,2002,1,10,17,3.7,1.3,0.6,-12.4,0.029,0.115,0.163,0.49,0.099,2015-16,
9065,Chandler Parsons,DAL,27,208.28,104.32616,Florida,USA,2011,2,38,61,13.7,4.7,2.8,1.3,0.018,0.158,0.208,0.589,0.158,2015-16,
9066,Channing Frye,CLE,33,210.82,115.66596,Arizona,USA,2005,1,8,70,6.1,3.3,1,3.7,0.033,0.192,0.156,0.586,0.086,2015-16,
9067,Charlie Villanueva,DAL,31,210.82,105.233344,Connecticut,USA,2005,1,7,62,5.1,2.5,0.4,-7.9,0.036,0.213,0.244,0.473,0.063,2015-16,
9068,Chase Budinger,PHX,28,200.66,94.800728,Arizona,USA,2009,2,44,66,4.1,2.3,1,-0.1,0.048,0.129,0.142,0.514,0.098,2015-16,
9069,Chris Andersen,MEM,37,208.28,111.13004,Blinn,USA,Undrafted,Undrafted,Undrafted,27,3.9,3.6,0.4,-10.7,0.1,0.191,0.109,0.598,0.045,2015-16,
9070,Chris Bosh,MIA,32,210.82,106.59412,Georgia Tech,USA,2003,1,4,53,19.1,7.4,2.4,1.7,0.032,0.211,0.253,0.571,0.129,2015-16,T
9071,Chris Copeland,MIL,32,205.74,108.408488,Colorado,USA,Undrafted,Undrafted,Undrafted,24,2.1,0.4,0.5,-26.2,0.007,0.073,0.177,0.462,0.12,2015-16,
9072,CJ Wilcox,LAC,25,195.58,88.45044,Washington,USA,2014,1,28,23,3,0.5,0.4,8.8,0.007,0.063,0.2,0.491,0.09,2015-16,
9073,Zaza Pachulia,DAL,32,210.82,124.7378,None,Georgia,2003,2,42,76,8.6,9.4,1.7,0.9,0.137,0.262,0.164,0.55,0.101,2015-16,
9074,Monta Ellis,IND,30,190.5,83.91452,None,USA,2005,2,40,81,13.8,3.3,4.7,2.5,0.017,0.091,0.21,0.504,0.222,2015-16,
